{
  "meta": {
    "generated_on": "2025-11-18",
    "root_page_title": "IFNS \u2013 UI Master (V2)",
    "notes": "IDs are filled by ifns_v2_create_dbs.py; edit 'typing_rules' to override auto-typing."
  },
  "typing_rules": {
    "feature_name": "title",
    "indicator_id": "title",
    "composite_id": "title",
    "symbol": "title"
  },
  "databases": {
    "FeatureSchemaV1": {
      "path": "sync/ifns/indicator_feature_schema_v1_with_family.csv",
      "primary_key": "feature_name",
      "database_id": ""
    },
    "FeatureSchemaH1": {
      "path": "sync/ifns/indicator_feature_schema_h1_v1_with_family.csv",
      "primary_key": "feature_name",
      "database_id": ""
    },
    "PolicyMatrix": {
      "path": "sync/ifns/feature_policy_matrix.csv",
      "primary_key": "",
      "database_id": ""
    },
    "FamilyMap": {
      "path": "sync/ifns/feature_family_map.csv",
      "primary_key": "feature_name",
      "database_id": ""
    },
    "UniverseP2": {
      "path": "sync/ifns/indicators_universe_catalog_phase2.csv",
      "primary_key": "symbol",
      "database_id": ""
    },
    "CatalogL1": {
      "path": "sync/ifns/indicators_catalog_L1_phase3.csv",
      "primary_key": "indicator_id",
      "database_id": ""
    },
    "CatalogL2L3": {
      "path": "sync/ifns/indicators_catalog_L2L3_phase4.csv",
      "primary_key": "composite_id",
      "database_id": ""
    },
    "QCWeekly": {
      "path": "sync/ifns/qc_weekly_schema_v1.json",
      "primary_key": "entry_id",
      "database_id": ""
    },
    "CalendarGaps2025": {
      "path": "sync/ifns/calendar_gaps_2025.json",
      "primary_key": "event_id",
      "database_id": ""
    }
  }
}