feature_id,source_indicator_id,level,family,type,dtype,horizon,window,frequency,na_policy,scaling,binning,alignment,leak_test,drift_monitor,tags
FEAT.L1.EMA20_VAL.H1,IND.L1.MOM.EMA.20,L1,MOMENTUM,numeric,float32,H1,20,1h,drop,z,q10,close_time,pass,ks@30d,momentum
FEAT.L1.EMA20_SLOPE.H1,IND.L1.MOM.EMA.20,L1,MOMENTUM,numeric,float32,H1,20,1h,drop,z,q10,close_time,pass,ks@30d,momentum
FEAT.L1.SMA50_SLOPE.H1,IND.L1.MOM.SMA.50_SLOPE,L1,MOMENTUM,numeric,float32,H1,50,1h,drop,z,q10,close_time,pass,ks@30d,momentum
FEAT.L1.MACD_HIST.H1,IND.L1.MOM.MACD.12_26_9,L1,MOMENTUM,numeric,float32,H1,26,1h,drop,z,q10,close_time,pass,ks@30d,momentum
FEAT.L1.MACD_SIGNAL.H1,IND.L1.MOM.MACD.12_26_9,L1,MOMENTUM,numeric,float32,H1,26,1h,drop,z,q10,close_time,pass,ks@30d,momentum
FEAT.L1.ATR14_PCT.H1,IND.L1.VOL.ATR.14,L1,VOLATILITY,numeric,float32,H1,14,1h,drop,z,q10,close_time,pass,ks@30d,volatility
FEAT.L1.PL20_PCT.H1,IND.L1.TRND.PRICE_LOCATION.20,L1,TREND,numeric,float32,H1,20,1h,drop,minmax,q5,close_time,pass,ks@30d,trend
FEAT.L1.BOLL_Z20x2.H1,IND.L1.TRND.BOLL_Z.20x2,L1,TREND,numeric,float32,H1,20,1h,drop,z,q10,close_time,pass,ks@30d,trend
FEAT.L1.RSI14.H1,IND.L1.MR.RSI.14,L1,MEAN_REVERSION,numeric,float32,H1,14,1h,drop,minmax,q5,close_time,pass,ks@30d,mean_reversion
FEAT.L1.VOLUME_Z20.H1,IND.L1.VOLM.VOLUME_Z.20,L1,VOLUME,numeric,float32,H1,20,1h,drop,z,q10,close_time,pass,ks@30d,volume
FEAT.L2.BREAKOUT_D20_ATR_VOLCONF.H1,IND.L2.BREAKOUT.DONCH20_ATR_VOLCONF,L2,TREND,numeric,float32,H1,20,1h,drop,z,q10,close_time,pass,ks@30d,trend
FEAT.L2.RSI14_REGIME_V1.H1,IND.L2.MR.RSI14.REGIME_V1,L2,MEAN_REVERSION,numeric,float32,H1,14,1h,drop,z,q10,close_time,pass,ks@30d,mean_reversion
FEAT.L2.TREND_STRENGTH_MTF_V1.H1,IND.L2.MOM.TREND_STRENGTH_MTF.V1,L2,TREND,numeric,float32,H1,50,1h,drop,z,q10,close_time,pass,ks@30d,trend
FEAT.CTX.TREND_STATE,IND.L3.CONTEXT.TREND_MTF_V1,CTX,CONTEXT,categorical,string,H1,—,1h,,none,none,close_time,,drift_cluster@weekly,context
FEAT.CTX.PRICE_LOCATION_BIN,IND.L3.CONTEXT.TREND_MTF_V1,CTX,CONTEXT,categorical,int8,H1,—,1h,,none,custom:5,close_time,,drift_cluster@weekly,context
FEAT.CTX.STRUCTURE_STATE,IND.L3.CONTEXT.STRUCTURE_MTF_V1,CTX,CONTEXT,categorical,string,H1,—,1h,,none,none,close_time,,drift_cluster@weekly,context
FEAT.CTX.CANDLE_CLUSTER_ID,IND.L3.CONTEXT.CANDLE_GRAMMAR_V1,CTX,CONTEXT,categorical,int8,H1,20,1h,,none,custom:12,close_time,,drift_cluster@weekly,context
FEAT.L1.RET_1H.H1,IND.L1.MOM.RET.1H,L1,MOMENTUM,numeric,float32,H1,2,1h,drop,z,none,close_time,pass,ks@14d,momentum
